Date	1h	2h	3h	4h	5h	6h	7h	8h	9h	10h	11h	12h	13h	14h	15h	16h	17h	18h	19h	20h	21h	22h	23h	24h
20190101	60140	57700	56170	55200	55200	55770	56130	55240	54170	53130	53350	53160	52770	52990	53400	54390	55750	58740	60340	60450	60160	59890	60870	61870
20190102	64520	62750	61770	61480	61880	63360	66030	70680	77640	79840	79260	77880	74010	76000	77090	77280	78450	78290	76580	74700	73310	71540	70560	71670
20190103	64710	62450	61070	60580	61080	62360	64630	69280	76420	78210	77510	75910	71640	74040	74740	75030	76300	75460	72960	70670	69290	67310	66420	68330
20190104	63920	61660	60380	59890	60390	61570	63840	68190	75030	76820	76220	74620	70550	72750	73550	73840	75010	74170	71770	69580	68300	66320	65430	67340
20190105	69310	65660	63290	62020	61720	62410	63680	65250	67930	67540	67760	66370	62200	62790	63190	63780	65430	66850	67020	66030	65150	63880	64390	67090
20190106	61840	59580	58210	57520	57710	58390	58870	58850	59020	58520	58560	57770	56880	57090	57590	58470	60040	62370	63330	63330	63140	62850	63260	63670
20190107	59620	57360	55980	55590	56190	58160	61530	67480	76530	79230	78550	76770	71810	74390	75690	76080	77440	77280	75060	72680	70800	68530	67250	68860
20190108	66890	64430	63050	62460	62960	64250	66720	71580	79030	81030	80720	79620	75160	77250	77550	77740	78700	77560	75060	72480	70900	68730	67850	69850
20190109	67170	64710	63230	62540	63140	64520	67000	72060	79700	81810	81500	80300	75740	77930	78230	78310	79370	78240	75640	72950	71280	69110	68120	70230
20190110	65990	63530	62160	61570	62070	63350	65820	70770	78310	80110	79320	77830	73170	75470	76270	76450	77810	77250	75340	72950	71170	68800	67920	69730
20190111	66000	63540	62170	61680	62170	63350	65910	70670	77910	79720	78960	77470	72910	75700	76200	75890	76950	76590	74770	72580	70710	68540	67560	69360
20190112	68820	65460	63290	62110	62000	62690	63860	65340	68600	68590	68810	67430	63070	63380	63480	63970	65640	66950	67600	66900	66120	65030	65540	68170
20190113	63520	61460	59890	59200	59290	59780	60160	60040	60030	59570	59290	58200	57310	57310	57410	58400	60160	62770	64020	64120	63830	63440	63850	64160
20190114	59200	56940	55760	55280	55980	57660	61330	67470	76830	79660	78870	77090	71730	74320	75620	75810	77270	77000	74970	72590	70310	67950	66860	68670
20190115	66800	64230	62550	61860	62060	63340	65820	70280	77620	79940	78960	76670	71590	74360	75160	75150	76330	75500	73790	71700	69920	67950	66960	68770
20190116	68150	65380	63810	63020	63220	64500	67170	71730	79160	81580	80500	78220	73040	75910	76700	76690	77870	77040	75230	73140	71360	69290	68210	70110
20190117	65380	62710	61330	60550	60840	62230	64900	69160	76200	78410	77430	75660	71390	74180	75070	75260	76320	75760	74440	72250	70370	68390	67510	69310
20190118	65480	63310	62030	61440	61840	63020	65400	69560	76100	77820	76940	75350	70990	73280	73970	74170	75530	74870	73660	71570	69880	68210	67430	68930
20190119	65900	63220	61440	60560	60550	61140	62120	63110	65780	66370	66590	65320	61840	62250	62050	62250	63120	63770	64530	64020	63430	62740	63250	65050
20190120	62690	60320	58750	58060	58360	58950	59440	59420	59320	58350	58060	56980	55800	55810	55910	56800	58760	61370	63200	63300	63100	62920	63430	63730
20190121	58760	56610	55340	54940	55740	57610	60980	66720	75670	78530	77860	75880	70930	73410	74420	74610	75770	75180	73520	71230	69260	67190	66420	68030
20190122	65980	63520	62040	61450	61950	63130	65600	69960	76720	77970	76790	74810	69950	72140	72740	72940	74310	73830	72680	70680	68990	67120	66530	68240
20190123	65690	63220	61850	61260	61660	62840	65310	69770	76520	77780	76500	74620	69650	71950	72550	72750	74120	73640	72480	70380	68700	66920	66340	68050
20190124	65650	63080	61610	61120	61520	62900	65570	70230	77290	78440	76970	74790	69720	71920	72630	72730	74200	74030	73460	71450	69370	67390	66900	68700
20190125	65530	62670	61190	60710	61210	62590	65450	70110	77380	78640	77070	74590	69240	71730	72330	72430	73900	73630	73060	71140	69460	67580	66990	68800
20190126	67500	63470	61010	59640	59740	60700	62170	63540	67020	66720	66550	64690	61020	62520	62580	62340	62620	62780	63840	62950	61980	61010	61620	64340
20190127	60290	58030	56750	56070	56360	56930	57410	57490	57600	56720	56530	55850	54960	55060	55370	56170	57930	60230	61960	61950	61760	61480	62090	62490
20190128	57580	55220	54050	53660	54560	56330	60000	65840	75000	77850	77180	75400	70350	72740	73540	73430	74700	74020	72660	70160	67770	65800	65020	66830
20190129	64440	61980	60490	60010	60510	61880	64550	68810	75590	76760	75470	73100	68430	70910	71700	71700	73070	72800	72350	70440	68750	66970	66380	68180
20190130	63770	61310	59930	59340	59840	61220	63790	67940	74530	75690	74400	72130	67560	70050	70840	70730	72100	71840	71390	69580	67890	66100	65610	67320
20190131	65650	62890	61310	60830	61430	63100	66260	71220	78620	79390	78100	75820	70270	72650	73350	73540	75110	74930	74670	72450	70470	68490	67610	69430
20190201	64770	62090	60510	59920	60220	61600	64070	68240	74730	75980	74790	72920	67740	69420	69310	68600	68780	67930	67690	66280	65390	64200	63810	65620
20190202	62850	60490	59010	58230	58230	58800	59060	59420	60320	59990	59900	59120	56860	56740	56340	56330	57000	58130	59470	59260	58970	58690	59710	61430
20190203	59050	56890	55310	54530	54230	54410	54490	53580	52210	50480	50290	49810	49320	48920	48830	49320	50490	53010	54810	54590	54590	54710	56620	58030
20190204	55640	53280	51510	50520	50220	50400	50290	49280	47950	46640	46550	46180	45490	45210	45220	45530	46430	48280	50400	50570	50480	50800	52590	53980
20190205	51610	49740	48570	48090	48300	48790	49460	49050	46380	43250	41890	41400	41020	41210	41510	42300	43780	45740	47950	48810	49200	50010	52190	53570
20190206	51800	49840	48560	48070	48270	48660	49030	49030	48780	48330	48840	48550	47850	47960	48170	48870	50260	52200	54480	54940	54730	54750	56040	56740
20190207	54400	52150	50980	50780	51680	53360	56730	61970	70240	73580	73400	71690	67550	69840	70430	70430	71720	71450	70670	68860	67180	65510	65220	66530
20190208	65360	62720	61250	60570	60870	62340	64990	69440	76080	77380	76400	74710	70060	72240	72450	71460	71420	70360	70020	68520	67350	65800	65510	67310
20190209	67420	63570	61400	60210	60400	61570	63140	64520	67630	66570	66270	64390	60140	60940	60640	60720	62090	63300	65120	64420	63330	62350	63070	65880
20190210	62900	60340	58750	57970	57970	58650	59230	59320	58850	57110	57020	56140	54750	55150	55460	56250	58130	60850	62960	62740	62440	62060	62770	63170
20190211	57870	55510	54140	53740	54540	56220	59790	65540	74600	77650	76860	74760	69710	72200	73290	73390	74780	74420	73740	71540	69050	67080	66390	68100
20190212	64580	62000	60520	59930	60320	61700	64480	68840	75700	77410	76710	75130	70450	72640	72850	71750	72040	70990	70650	68950	67570	65890	65500	67300
20190213	64800	62120	60740	60150	60550	61930	64600	68960	75710	77410	76720	75140	70560	72750	72860	71870	72040	71100	70750	69050	67770	66090	65610	67410
20190214	64480	62110	60740	60150	60550	61820	64490	68750	75420	77160	76380	74500	69840	72230	72540	72040	72990	72120	71570	69970	68190	66320	65650	67260
20190215	64690	62120	60750	60260	60760	62230	64980	69430	76130	77490	76410	74230	69170	71860	72460	72460	73720	72950	72460	70750	69070	67200	66420	68040
20190216	66890	62940	60460	59270	59660	60740	62510	64280	67560	66780	67080	65600	61550	62340	62240	62430	63500	64520	66840	66330	65050	64080	64700	67310
20190217	62340	59070	57090	56310	56310	57100	57590	57370	56990	55950	56450	55680	54570	54750	55540	56430	58180	60340	62890	62690	62000	61320	62120	62630
20190218	57400	55020	53940	53550	54250	56130	59800	65770	74910	77220	76530	74640	69580	72380	73280	72980	74570	74320	73770	71470	69290	66910	66120	68020
20190219	64320	61650	60080	59500	59900	61290	63960	68230	75080	77580	76990	75210	70350	72940	73520	73310	74090	72770	72040	70330	68550	66670	65990	67290
20190220	63770	61110	59540	58960	59470	60750	63520	67590	74430	76730	76240	74470	69710	72190	72880	72650	73340	72110	71380	69670	67890	66010	65430	66740
20190221	62670	60210	58840	58360	58860	60250	62730	66780	73810	76900	76940	75860	71490	73770	73960	73450	73550	71820	70980	69370	67580	65710	65020	66120
20190222	63100	60600	59100	58600	59100	60500	62900	67000	73700	76500	76200	75100	70800	72900	73300	73000	73200	71600	70900	69500	67900	66200	65600	66800
20190223	62520	59650	58160	57470	57570	58350	59530	60510	62800	63130	63320	62430	59240	59440	59250	58940	59730	60280	62020	61810	61130	60440	60950	62560
20190224	59490	57120	55640	54950	55140	55630	56120	56010	55140	53690	54000	53210	52210	52310	52320	53010	54480	56820	59260	59640	59240	58850	59460	59870
20190225	55910	53740	52570	52290	52990	54770	58040	63710	72050	74650	74180	72690	68220	71000	72400	72180	72850	71640	70610	68520	66440	64270	63580	64810
20190226	62390	59820	58540	58060	58560	60040	62620	66490	72350	73970	72890	70910	66120	68510	69210	69090	69570	68340	68320	67410	66030	64550	63970	65370
20190227	61810	59540	58260	57780	58380	59660	62040	65610	70970	72480	71510	69630	65240	67530	68130	68010	68480	67360	67340	66430	65140	63760	63270	64570
20190228	61020	58660	57490	57100	57800	59280	61840	65610	70800	71730	70260	67990	63520	65900	66500	66480	67350	66810	67240	66500	64920	63550	62770	63790
20190301	61010	57940	55960	55270	55770	56760	57850	58740	61250	61750	62150	61170	57880	59570	59970	60080	60970	61540	63770	64530	63840	63250	63760	64060
20190302	57590	54140	52260	51370	51670	52740	54000	54980	56930	56690	56100	54310	50240	50640	50640	50430	51310	51950	54350	54620	54130	53560	54170	56070
20190303	58210	56050	54770	54370	54660	55240	55830	55520	54380	53020	52930	52040	51050	51150	51150	51840	53320	55370	57890	58450	58250	58060	58570	58770
20190304	53320	50960	49790	49600	50500	52680	56240	61800	69790	72320	71140	69170	64110	66790	67790	67680	68940	68010	67820	66590	64910	62940	62450	63470
20190305	59220	56940	55770	55270	56070	57750	60330	63910	68990	69890	68290	66310	62150	64540	65530	65420	66210	65290	65450	64730	63540	62250	61770	62770
20190306	59630	57370	56100	55710	56410	58090	60660	64330	69290	70290	68690	66720	62480	64960	65950	65840	66620	65690	65730	65110	63920	62540	62060	63170
20190307	59100	56730	55460	55160	56060	57740	60610	64480	69480	70300	68800	67120	62950	65630	66530	66620	67400	66670	66720	66000	64410	62940	62350	62960
20190308	58810	56340	55060	54870	55660	57340	60020	64080	69160	69980	68390	66700	62630	64840	65650	65850	66650	66110	66360	65920	64330	62940	62360	62860
20190309	59310	57030	55750	55150	55350	56030	56910	57600	58830	58660	58270	57080	54390	54690	54690	54590	55170	55540	57090	57270	56970	56590	56990	58300
20190310	55260	53100	52030	51640	52020	52800	53380	53080	52200	51320	51250	50560	50160	50550	50840	51440	52490	53840	55800	56370	56180	55990	56300	56210
20190311	52630	50470	49390	49190	49990	52170	55830	61380	68550	69950	68290	66230	61770	64170	65060	65360	66640	66610	67030	66300	64610	62930	62440	63050
20190312	59810	57340	56060	55870	56660	58340	61210	65490	70120	70040	68150	66370	61800	63700	64410	64310	65700	66170	66980	66730	65140	63750	63270	63870
20190313	60480	58110	56830	56640	57430	59110	61880	66050	70580	70510	68720	66940	62470	64370	64980	64980	66260	66730	67550	67300	65700	64420	63830	64540
20190314	59290	56920	55740	55450	56240	57810	60480	64460	69420	69840	68450	67080	63010	65100	66200	66500	67680	67740	68070	67610	65710	64320	63630	64330
20190315	60100	57720	56540	56250	56840	58420	61180	64970	69240	69870	68780	67500	63330	65120	66020	66020	67100	67460	67770	67510	65710	64430	63840	64550
20190316	60060	58410	57420	57140	57330	58010	58790	59100	59540	59280	59180	58300	56310	56690	56690	56550	56820	56990	58050	58530	58240	57970	58170	58980
20190317	54480	52520	51550	51160	51460	52140	52620	52520	52500	52490	52990	52500	52110	52300	52180	52510	53010	53760	55300	56070	55780	55690	55990	55800
20190318	53940	51980	51000	50900	51790	53670	56920	61800	67820	68940	67860	66690	63130	65510	66590	66790	67770	67520	67450	66520	64910	63230	62750	63160
20190319	59010	56740	55560	55270	55970	57260	59420	63210	67530	67960	66570	65090	61620	63920	64630	64630	65920	65780	65590	65130	63330	61940	61450	62260
20190320	58530	56360	55070	54780	55480	56770	59040	62730	67050	67470	66080	64700	61130	63430	64240	64240	65430	65390	65120	64760	62860	61570	61080	61780
20190321	59040	56590	55410	55120	55910	57380	59940	63940	68580	68600	66720	65040	60980	63680	64380	64470	65850	65920	66030	65840	63940	62350	61560	62470
20190322	59080	56420	55050	54860	55750	57420	60180	64290	69530	70240	68940	67670	63680	66860	67760	67760	68830	68190	67550	67100	65220	63540	62760	63270
20190323	60150	57190	55410	54920	55310	56290	57370	57890	58650	58170	57990	56610	53230	53830	53930	53810	54490	55050	56780	57830	57230	56650	57060	58380
20190324	54900	52740	51570	50970	51470	52250	52730	52150	51200	50410	50620	50130	49440	49440	49340	49740	50920	52570	54690	56220	55920	55840	56150	55950
20190325	51460	48900	48030	47930	48930	51090	55050	60630	67560	68990	67400	65820	61330	64120	65300	65590	66630	66380	66550	66020	63930	62060	61280	62000
20190326	57190	54910	53730	53440	54230	55710	58080	61660	66170	66780	65490	63910	59930	62020	62820	62710	63890	64070	64110	64270	62680	61290	60610	61210
20190327	57200	54720	53540	53240	54040	55620	58090	61780	66490	67100	65700	64020	59930	62230	62930	62920	64110	64280	64330	64490	62800	61410	60630	61330
20190328	58150	55490	54210	53920	54610	56290	58950	63050	67990	68110	65920	63740	59280	61470	62260	62460	63940	64510	64940	65360	63450	61970	61290	61790
20190329	57910	55450	54070	53780	54580	56260	59030	62740	67480	67700	65810	63630	59160	61750	62750	63140	64520	64990	65230	65370	63570	62180	61400	61810
20190330	57300	54530	53060	52570	52970	54050	55040	55340	55180	54410	54330	54040	52560	54260	54250	53330	53400	53450	55000	56250	55850	55260	55560	56870
20190331	53660	52290	51410	51220	51410	51900	52080	51620	50500	50020	50030	49740	49250	49350	49250	49640	50520	51680	53100	54130	54030	54030	54030	53940
20190401	50530	48380	47400	47210	48110	50190	53560	58630	65400	67140	65880	64290	60010	62790	63500	63400	64370	64250	64290	64150	61950	60170	59470	60080
20190402	57340	54760	53580	53290	54080	55760	58430	61930	66150	66070	64270	62490	58820	61110	62100	62500	63980	64060	64410	64560	62860	61570	60680	61000
20190403	56820	54450	53370	53070	53870	55550	58020	61220	65040	65060	63760	62180	58310	60600	61490	61690	62970	62750	63000	63240	62040	60860	60170	60290
20190404	56820	54640	53660	53360	54060	55840	58120	61030	64550	64460	63270	61690	58010	60100	60800	61190	62780	63050	63210	63750	62340	60950	60270	60580
20190405	57450	55370	54390	54190	54890	56470	58740	61350	64470	64390	63190	61610	58140	60030	60920	61120	62600	62980	63330	63770	62160	60780	60190	60500
20190406	54680	53610	53020	52820	52920	53500	53880	54110	54440	54250	54550	54370	53490	53890	53780	53560	53740	53800	54430	54870	54660	54470	54470	54980
20190407	51750	50670	50090	49790	49990	50370	50570	50300	49870	49580	49790	49600	49300	49300	49200	49390	49870	50840	51760	52600	52590	52500	52610	52410
20190408	51820	49760	48680	48590	49480	51460	54730	58950	64080	65700	64720	63540	59970	62450	63050	62950	64220	64390	64520	64540	62640	61060	60380	60900
20190409	58020	55650	54480	54290	54980	56560	58940	62170	66410	66610	65120	63340	58870	60650	61250	61540	62830	62910	63250	64070	62960	61370	60780	61320
20190410	59210	56850	55780	55480	56280	57750	60130	63370	67510	67710	66220	64440	60070	61860	62450	62750	63930	64000	64350	65160	64050	62560	61870	62510
20190411	57240	54770	53590	53200	54000	55790	58370	61780	66200	66590	65690	64800	61220	64100	65070	65360	66430	66220	66000	66260	64470	62690	61910	62430
20190412	56790	54620	53630	53340	53830	55210	57490	61080	65670	66570	66180	65480	62200	64280	64970	64760	65140	64420	63800	63970	62480	61090	60400	60820
20190413	56120	54340	53360	52970	53160	54040	54630	54560	54690	54300	54500	54120	52730	53540	53730	53720	54000	54080	54730	55470	55260	54870	54870	55480
20190414	52330	50550	49670	49380	49680	50170	50460	50300	50050	49550	49660	48970	48680	49180	49670	50140	50610	51490	52750	53900	53890	53600	53700	53210
20190415	51050	48870	47880	47790	48980	51060	54640	58770	63780	64780	63790	62700	59030	61610	62610	62910	64590	64880	65240	65680	63770	62180	61390	61600
20190416	55990	53720	52740	52450	53030	54410	56700	59210	62920	63120	61930	60840	57460	59650	60640	60440	61320	61000	60870	61610	60500	59110	58420	58930
20190417	55500	53330	52460	52170	52750	54020	56100	58530	61930	62130	61040	60060	56880	58970	59860	59660	60440	60210	60070	60700	59680	58390	57710	58220
20190418	56070	53700	52730	52430	53220	54800	57190	59720	63340	63240	61850	60660	57190	59880	61260	61550	62730	62410	62280	63220	61810	60320	59240	59560
20190419	55800	53440	52350	52060	52750	54430	57010	59720	63330	63030	61840	60550	56970	59850	61050	61350	62640	62420	62290	63320	62200	60710	59620	59640
20190420	53350	52280	51700	51500	51700	52180	52380	52330	52360	52170	52270	51780	50690	51080	51090	51090	51380	51650	52110	52730	52710	52510	52520	52830
20190421	48580	47220	46450	46160	46370	46750	47150	46970	47010	47110	47710	47710	47420	47320	47110	46790	46980	47860	48920	50050	50130	49930	49940	49640
20190422	48690	46710	45730	45740	46630	48510	51790	55240	59850	60550	59660	58580	55000	57290	58190	58480	60060	60340	60500	61430	59920	58430	57630	57740
20190423	53900	51730	50650	50360	51050	52330	54620	57450	61350	61950	61560	60770	57690	59870	60470	60260	61050	60530	60100	60750	59540	58350	57460	57380
20190424	54110	51740	50560	50270	50960	52440	54930	57960	62160	62860	62460	61580	58200	60580	61170	61070	61960	61240	60810	61560	60250	58960	57970	57890
20190425	54130	51760	50680	50390	51090	52370	55050	58240	62810	63910	63900	63500	60320	63220	64130	64120	64810	63990	63380	63640	62150	60470	58980	58610
20190426	54720	52550	51470	51080	51680	52960	55730	59420	63980	64970	64760	64270	61090	63980	64990	64880	65570	64350	63440	64110	62810	61030	59450	58870
20190427	55490	53130	51750	51260	51660	52640	53230	53160	53370	52770	52670	51790	49600	50500	50600	50990	51870	52450	53410	54730	54590	54200	54010	54330
20190428	49360	47310	46140	45660	45960	46540	47140	46900	46820	47030	47830	47730	47240	47540	47430	47410	47890	48950	50510	52250	52530	52040	51660	50680
20190429	48380	46110	45130	44830	45830	48000	51690	55910	61190	62480	61790	60900	57120	60410	61900	62580	64360	64050	63820	64770	63160	61380	59800	59320
20190430	52770	50900	50010	49520	49900	50880	53260	56560	60630	61620	61720	61430	58850	61320	62310	62100	62400	61000	59970	60030	58930	57650	56660	56670
20190501	52250	50180	49110	48410	48510	49200	50590	51480	52860	53550	54140	54050	52850	54340	55140	55140	55330	55310	55800	57170	57060	55880	54800	53620
20190502	50140	48170	47490	47390	48090	49780	52650	56630	61700	63590	63900	63820	61330	63920	64910	65000	65480	64360	63650	63920	62620	61040	59870	59690
20190503	54840	52570	51490	51100	51480	52770	55240	58630	62900	63900	63500	62810	59520	62100	63100	63000	63490	62390	61770	62130	61030	59640	58550	58480
20190504	52170	51000	50320	49940	50130	50430	50720	50550	50560	50160	50060	49670	48780	49280	49480	49680	50170	50150	50620	51250	51220	51040	50940	51050
20190505	49390	47220	46050	45560	45860	46450	47160	47410	47830	48320	48620	47730	46720	46910	46910	47410	48290	49550	50910	52770	53260	52870	52490	51510
20190506	47840	45970	44890	44690	45190	46080	47460	48440	51510	52900	53800	53520	51430	53020	54110	54310	55190	55460	55550	56630	56930	56150	55170	54190
20190507	53940	51970	50990	50600	51080	52170	54140	56430	59500	60200	59800	59010	56420	58700	59600	59800	60590	59990	59570	59930	59230	58040	57150	56880
20190508	53920	51950	50870	50480	50970	52060	54150	56550	59530	60620	59920	59040	56250	58840	59930	60130	61120	60310	59700	60050	59330	58040	56850	56670
20190509	53810	51840	50860	50470	50970	52060	54050	56460	59440	60540	59840	58950	56270	58750	59850	60050	61030	60220	59510	59950	59120	57930	56750	56570
20190510	53500	51730	50740	50450	50850	51840	53840	56160	59140	59940	59440	58750	55960	58850	60340	60630	61820	60810	60000	60360	59740	58550	57170	56780
20190511	54390	52220	50950	50360	50550	51240	51740	51370	51370	50660	50450	49760	48080	48970	49370	49770	50560	50740	51520	52770	52850	52350	52160	52360
20190512	48210	46630	45740	45450	45650	46040	46550	46770	47070	47370	47570	46980	46180	46380	46370	46770	47360	48240	49330	50700	50990	50690	50400	49710
20190513	48650	46580	45890	45700	46500	48180	51160	55240	60510	62510	62810	62730	60140	62830	63820	63910	64400	63270	62560	62740	61440	59860	58680	58500
20190514	53920	51540	50560	50170	50460	51660	54240	57160	60940	61440	61040	60350	57060	60550	62250	62840	64430	63610	62600	62860	61840	60050	58260	57680
20190515	53930	51550	50560	50170	50470	51660	54250	57160	60940	61440	61040	60350	57060	60550	62250	62840	64430	63520	62610	62880	61850	60060	58170	57690
20190516	52960	50680	49690	49600	50000	51090	53870	57060	61040	61930	61730	61140	57950	61340	63040	63630	65020	64410	63500	63670	62560	60470	58390	57610
20190517	53160	50980	50000	49700	50000	50990	53580	56960	61240	62330	62420	62130	59240	62630	64330	64820	65910	64900	63590	63670	62660	60570	58390	57410
20190518	56500	52330	50050	48860	49060	50140	51450	51180	52270	51770	52360	51870	48780	51080	52170	52860	54150	53940	54620	56780	57160	55570	54080	53900
20190519	49580	47510	46330	45830	46130	46630	47340	47570	47980	48480	48780	47980	46880	47070	47070	47570	48460	49630	51100	52870	53360	52870	52580	51700
20190520	47960	45590	44710	44510	45410	47400	50980	55760	62030	64320	64620	64540	61450	64650	65940	65930	66510	65290	64380	64650	63060	61270	59790	59510
20190521	53160	51380	50300	49810	50110	50900	53180	56360	60530	62310	63100	63390	61010	64100	65490	65490	66190	64770	63270	62860	61760	59780	57900	56620
20190522	52760	51080	50300	49810	50010	50700	52680	55360	59030	60610	61200	61390	59410	62100	63290	63290	63890	62570	61370	61060	60060	58380	56700	55620
20190523	52860	50980	50000	49610	49910	50800	52980	55770	59540	60930	61330	61330	58540	61630	62930	63220	64410	63600	62600	62370	61360	59480	57500	56620
20190524	53560	51380	50200	49610	49910	51000	53580	56670	61050	62640	63030	62840	59450	63140	64730	65320	67010	65900	64500	64280	63560	61480	59100	57920
20190525	56450	52890	50910	49430	49530	50020	51590	52970	55950	56640	57230	57140	54750	56550	57340	57340	57230	56410	56700	58070	58660	56880	54990	54220
20190526	49950	47790	46510	45820	45920	46110	46800	47300	47990	48880	50060	50170	49970	50650	50760	51150	51930	52920	54000	55270	55560	54580	53500	51830
20190527	48680	46410	45330	44930	45530	47420	51600	57570	65330	68110	68210	67320	62630	65730	67040	67150	68630	67720	67110	67270	66160	63970	61700	60820
20190528	53060	51190	50210	49710	49810	50600	52790	55470	59540	61220	62010	62010	59720	63110	64600	65290	66480	65570	63980	63460	62460	60170	58000	56820
20190529	52860	51090	50110	49710	49810	50600	52490	55070	58730	60310	61010	61110	58920	62100	63400	64090	65180	64370	62870	62360	61450	59270	57300	56220
20190530	52980	51100	50120	49520	49620	50410	52690	55670	59850	61330	61920	61830	59140	62330	63720	64310	65200	64490	63290	62780	61970	59880	57610	56630
20190531	52580	50900	49920	49530	49620	50310	52390	55270	59150	60430	61030	60930	58340	61430	62720	63210	64200	63390	62190	61880	61170	59380	57310	56230
20190601	53380	51400	50120	49420	49420	49520	50210	51000	52790	53580	54270	54680	53180	54280	54880	54880	55070	54560	54650	55240	55440	54150	52660	52170
20190602	48990	47210	46030	45430	45430	45430	45920	46020	46410	47100	48290	48590	48790	49480	49990	50580	51480	52160	52660	53550	53850	52760	51480	49990
20190603	47780	45900	44910	44620	45220	46710	50290	56360	63820	67100	67890	67600	64110	67110	68210	68020	68310	66800	65410	64800	63600	61210	58930	58140
20190604	53360	51090	50010	49420	49520	50410	53180	56740	61400	62680	63070	62890	59800	62890	64480	64780	65670	64670	62970	62650	62040	59960	57690	56710
20190605	53750	51280	50100	49410	49510	50500	53570	57540	62500	63970	64460	64180	60800	64180	65870	66270	67270	66160	64360	63950	63240	61060	58490	57410
20190606	53190	51420	50340	49550	49450	49750	51120	52690	55860	58040	59320	59620	57920	60220	60910	60820	61010	60100	59800	60080	60170	58600	56820	54950
20190607	47070	45390	44500	44310	44610	46000	49280	54060	60330	63310	64410	64610	61220	64810	66710	67110	68200	67500	65800	64990	63490	61100	58520	57440
20190608	53870	51090	49610	48520	48420	48510	49500	50290	52170	52860	53860	54070	51970	53860	54850	54960	55250	54740	55130	56010	56800	55010	53130	52550
20190609	48490	46610	45530	45040	45030	45130	45520	45110	45300	45800	47290	47490	47590	48480	48780	49280	50180	51460	52550	53330	54020	52830	51350	49670
20190610	46880	45300	44420	44320	44620	45810	48900	53270	59040	61720	62720	62920	59830	63120	64820	65220	66210	65510	64010	63300	61900	59710	57330	56350
20190611	52800	51220	50440	49840	49940	50540	52620	55490	59360	60940	61530	61840	59450	62130	63430	63830	64730	63820	62120	61720	60910	59030	56950	56070
20190612	52810	51230	50450	49860	49950	50540	52620	55490	59360	60940	61530	61840	59440	62130	63430	63830	64720	63820	62120	61710	60910	59030	56950	56070
20190613	52790	51120	50140	49550	49750	50530	52810	56170	60430	62110	62500	62610	60120	62900	64210	64410	65400	64490	63190	62680	61970	59790	57520	56640
20190614	53280	51410	50330	49840	50030	50720	53200	56870	61540	63220	63520	63620	60730	63920	65410	65710	66700	65490	63990	63780	62970	60590	58020	57140
20190615	54080	51000	49220	48130	47930	48120	49410	50190	52370	53060	54750	55250	53360	55150	55850	55950	56450	55840	56040	57120	57820	55830	53650	52960
20190616	48290	46510	45420	44830	44630	44730	45320	45210	45400	45900	47290	47490	47700	48490	49090	49880	50680	51760	52640	53530	54120	52830	51350	49670
20190617	47190	45410	44420	44030	44530	45820	49300	54570	61440	64020	64810	65420	62020	65400	67000	67200	68290	67290	65400	64690	63580	61200	58720	57740
20190618	53360	51490	50510	49920	50020	50710	53180	57040	61900	63670	63970	64080	61680	64870	66270	66370	67070	65450	63560	63150	62250	59970	57590	56720
20190619	53350	51490	50510	49920	50020	50700	53170	57030	61980	63760	63950	64060	61670	64960	66260	66450	67050	65440	63540	63130	62230	59950	57580	56710
20190620	53560	51690	50710	50130	50130	50920	53380	57530	62770	64840	65130	65040	62360	65740	67240	67240	67840	66430	64930	64420	63220	60850	58380	57500
20190621	54070	52200	51120	50430	50540	51220	53890	58150	63500	65470	65660	65570	62890	66070	67470	67570	68160	66860	65160	64650	63940	61370	58900	57820
20190622	54270	51700	50120	49130	48730	48920	50000	50880	52750	53540	54940	55440	53650	55240	55630	55730	56020	55710	56000	56590	56980	55290	53310	53030
20190623	48870	47490	46610	45520	45130	45120	45610	45500	45490	46090	47380	47980	48080	48870	49270	49770	50460	51440	52130	52910	53390	52310	50530	49050
20190624	46880	45200	44320	44030	44330	45520	48690	53460	59520	62200	62990	63300	60510	63790	65380	65780	66860	66160	64560	63850	62840	60670	58300	57320
20190625	54260	52500	51520	50930	50930	51620	53800	57350	62200	64270	64760	64660	62270	65250	66650	66840	67430	66330	64640	63930	63020	60750	58290	57310
20190626	54560	52690	51610	50920	50920	51720	54090	58060	63410	65690	66170	66180	63590	66770	68260	68560	69250	67950	66160	65250	64340	61770	59100	58020
20190627	54570	52600	51320	50830	50830	51520	54000	58060	63720	66290	67180	67490	64800	68480	70070	70470	71360	70260	68370	67260	65850	63070	60110	58830
20190628	54970	52800	51520	50930	50930	51620	54290	58850	65200	68360	69350	69650	66660	69750	70850	70750	71440	69830	67940	67130	65930	63450	60490	59110
20190629	56040	53070	51000	49710	49210	49300	50680	52060	54530	56010	57600	57990	56000	57890	58790	58890	59280	58670	58770	59360	59850	57660	55090	54210
20190630	50430	48160	46780	45700	45300	45400	46080	46170	46650	47630	49120	49720	49920	50920	51520	52130	53420	54890	56080	56860	57350	55860	53690	51510
20190701	47740	45870	45000	44710	45010	46300	49880	55160	62130	65410	66500	66890	64300	67890	69490	69890	71080	70370	68270	67260	65950	63260	60290	59110
20190702	54660	52790	51710	51030	51030	51720	54190	58240	63890	66550	67540	67740	65050	67730	68830	68930	69530	67820	65930	65020	64020	61650	59080	58010
20190703	54660	52690	51710	51030	51030	51720	54190	58240	63880	66540	67530	67630	65040	67620	68720	68830	69520	67810	65920	65010	64010	61540	58980	57910
20190704	54750	52790	51520	51040	51040	51730	54090	58140	63870	66530	67310	67410	65010	67890	69400	69610	70310	69010	67310	66300	65090	62620	59860	58700
20190705	55160	53090	51910	51330	51230	51920	54390	58440	64380	66540	67420	67720	65330	68410	69710	70020	70820	69310	67420	66410	65200	62730	60070	58910
20190706	56660	53490	51410	50120	49720	49820	51400	53670	57330	59400	60970	61360	59460	61160	61560	61060	60660	59640	59840	60430	60830	58660	55890	54920
20190707	51040	48580	47100	46110	45720	45810	46590	47080	48250	49820	51710	52410	52600	53200	53710	54310	55100	56280	57470	58250	58740	57160	54890	52520
20190708	48760	46690	45610	45330	45530	46820	50480	56440	64380	68740	70030	70520	67830	71120	72410	72220	73010	71810	69520	68510	67210	64440	61370	59800
20190709	55470	53500	52320	51630	51630	52220	54500	58470	64030	66900	68090	68780	66590	69880	71280	71390	72080	70870	68680	67470	66270	63590	60720	59340
20190710	55270	53400	52220	51630	51630	52220	54390	58260	63620	66390	67580	68170	66080	69260	70570	70670	71460	70260	68060	66960	65850	63180	60410	59130
20190711	55160	53290	52210	51520	51620	52320	54790	58650	64200	66970	68260	68950	66760	70050	71350	71250	71750	70540	68540	67440	66130	63360	60490	59220
20190712	55260	53190	52110	51530	51530	52220	54790	58950	64910	67780	68660	69050	66660	69450	70660	70160	70350	68840	66850	65940	64840	62470	59800	58720
20190713	56170	53690	52210	51120	50720	50720	52000	53490	55960	57440	59120	59920	58620	60220	60820	60910	61010	60800	60790	60990	61090	59200	56730	55440
20190714	51660	49490	48010	47230	46930	46820	47510	48190	49070	50240	51940	52440	52730	53430	54030	54830	55620	56200	56790	57180	57470	56090	54120	52050
20190715	49160	47390	46210	45830	46130	47320	50680	56040	63280	67040	68220	68630	66230	69610	71220	71220	71620	70320	68120	67220	65920	63150	60280	58910
20190716	55150	53190	52010	51420	51420	52210	54980	59340	65190	67950	69040	69250	66350	69430	70820	70820	71020	69320	67020	66210	65210	62840	59980	59010
20190717	55340	53280	52100	51410	51410	52200	55070	59530	65680	68540	69640	69840	66840	70140	71520	71520	71710	70010	67610	66700	65700	63230	60270	59200
20190718	55550	53580	52500	51820	51820	52710	55480	60140	66200	68960	70150	70350	67650	70830	72430	72630	73330	71920	69830	68920	67520	64650	61480	60210
20190719	56440	54270	53200	52410	52420	53110	56080	60730	67070	70030	71210	71500	68700	72080	73870	74080	74780	73170	70870	70070	68670	65810	62550	61180
20190720	58710	55050	52770	51290	50790	50580	52560	55030	59680	61650	64030	64730	62840	64730	64940	64440	64830	63820	63910	64700	65190	62520	58650	57180
20190721	52320	49460	48090	47100	46710	46800	47580	48250	49430	51110	53290	54280	54780	55980	56570	57060	58050	59120	60000	60880	61470	59590	56940	54070
20190722	50320	48060	46990	46400	46700	48090	52150	58900	68230	72590	74070	74760	71670	75240	76640	76450	76840	75140	72640	71640	70040	66870	63320	61960
20190723	57500	55250	53980	53190	53100	53790	56650	61680	68600	72450	74120	74720	72330	75610	76910	76920	77230	75230	72830	71930	70630	67670	64210	62540
20190724	57700	55450	53970	53190	53100	53790	56850	62090	69410	73460	75230	75830	73340	76820	78210	78230	78530	76430	73940	72930	71630	68470	64810	63040
20190725	58600	55940	54570	53790	53790	54380	57550	62680	70000	74250	76020	76610	74120	77500	79100	79200	79900	78400	76200	75100	73500	70040	66190	64030
20190726	59390	56830	55360	54480	54490	55080	57940	63180	70600	74840	76210	76510	73810	77200	78790	78500	78800	77190	75200	74490	72900	69940	66290	64230
20190727	59270	56120	54160	52880	52390	52390	53950	56200	59830	62380	64750	65530	64330	65830	65950	65750	65440	64330	64320	64700	64790	62540	59390	58340
20190728	54410	51650	49880	48800	48510	48400	49470	50650	52710	55070	57340	58130	58330	59020	59210	59400	59580	60340	61230	62210	62700	60940	58290	55530
20190729	51400	49350	48190	47790	48000	49090	52740	58880	67590	71730	73390	73980	71380	74850	76550	77050	77940	76840	74450	73450	71550	68290	64650	62930
20190730	58270	55620	54050	53170	53080	53570	56430	60870	66870	70510	71970	72460	70370	72950	74150	74150	75140	74840	73150	72240	71050	67890	64340	62290
20190731	58380	56020	54550	53770	53580	54070	56730	61470	68380	72220	73380	73570	71280	73860	74660	74360	74260	73050	71060	70560	69260	66600	63550	61800
20190801	57670	54810	53240	52260	52160	52750	55420	58960	65170	68810	70570	71670	69770	71950	72850	73650	74750	74450	72650	71850	70460	67390	63640	61190
20190802	57380	54820	53050	52260	51970	52460	54730	58270	63190	66330	67500	67990	66390	68380	69580	69780	70070	69670	68380	67770	66380	63610	60960	58900
20190803	58440	56000	54330	53360	52870	52760	53930	55980	59510	62550	64800	65480	64780	65880	65800	65600	65300	64680	64670	65060	64960	62900	60450	59300
20190804	56570	54020	52350	51170	50580	50580	51650	52720	54770	56920	59190	60480	61080	61970	62060	62450	63530	65000	65780	66170	66270	64300	61860	58910
20190805	52680	50520	49160	48570	48780	49870	53230	58760	66780	71110	72970	73760	71670	74640	75940	76140	77230	76720	74720	73920	72130	68970	65430	62990
20190806	60070	57520	55850	54970	54770	55370	58330	63470	71080	75310	76570	76760	74270	77150	78050	77550	77550	76240	73950	73440	72050	69090	65740	63790
20190807	59760	57310	55850	54960	54770	55260	58120	63060	70260	74190	75450	75640	73250	75930	76820	76430	76320	75120	72930	72420	71130	68370	65230	63270
20190808	59450	56700	55030	54050	53750	54350	57020	61560	68470	72900	75070	75560	73460	76240	77230	77130	77220	76310	74120	73620	72020	68870	65220	62870
20190809	59140	56190	54320	53240	52850	53340	55810	60250	67160	71590	74060	74550	72650	75530	76630	77020	77910	77190	74900	74600	73010	69550	65810	63160
20190810	59340	56490	54630	53450	52860	52750	54120	56480	60610	64240	66800	67680	66880	68080	68000	67800	67400	66680	66670	67060	67060	64700	61840	60390
20190811	56570	53510	51640	50360	49870	49760	50840	52310	54670	57220	59600	60290	60480	61370	61370	61160	61640	62410	63200	63990	64290	62520	59970	56910
20190812	53080	50630	49260	48570	48780	49970	53630	59670	68390	73130	75200	76080	73690	76970	78370	78670	79860	79250	77050	76150	74260	70800	66950	64300
20190813	59330	56480	54510	53430	53040	53830	56400	61340	68950	73980	76840	77830	75830	78920	80320	80420	81110	80310	78020	77520	75530	71970	67920	64870
20190814	59640	56580	54610	53430	53040	53830	56500	61640	69660	74890	77850	78950	76850	80140	81540	81630	82330	81530	79140	78540	76550	72780	68530	65480
20190815	61440	57690	55120	53240	52750	52840	54510	58050	64370	70010	74560	76440	74640	77030	78130	77830	77530	76020	75120	75310	74210	70950	66810	62670
20190816	55380	52910	51340	50660	50860	52050	55820	62460	72270	77710	79770	80660	78260	81450	82550	82350	83440	82730	80740	80140	77950	74090	69840	66890
20190817	60430	57480	55620	54350	53760	53750	54920	57180	61400	65050	68000	68990	68390	69690	69800	69690	69790	69580	69470	69860	69460	66880	63740	61790
20190818	56870	54310	52640	51570	51070	51070	51650	52910	54760	57010	59170	59960	60760	62160	62660	62950	63440	63820	64200	65000	64900	63130	60580	57820
20190819	54890	52630	51350	50670	50880	51870	55230	61170	69780	74620	76480	77270	75070	77960	78960	78760	79650	79140	77250	76750	74860	71400	67650	65000
20190820	61460	59000	57540	56550	56260	56850	59220	63760	70380	74720	76790	77670	75880	78560	79860	79970	80760	79850	78050	77550	75660	72400	68850	66400
20190821	61560	59100	57530	56540	56250	56840	59310	63860	70590	74940	77100	77990	76200	78890	80190	80290	81080	80270	78380	77780	75990	72720	69070	66600
20190822	59880	57520	56040	55160	54960	55750	58220	62870	69590	73940	75810	76600	74600	77790	79190	79180	79980	79070	77180	76670	74290	71030	67170	64720
20190823	58690	56520	55150	54360	54170	55060	57330	61880	68290	72140	73710	74400	72410	75490	76790	76790	77280	76180	74190	73780	71590	68630	65180	63020
20190824	57890	55630	54350	53370	52970	53070	53750	55320	58070	60430	62410	62900	62200	63290	63590	63690	63770	63460	63350	63740	63150	61180	59010	57550
20190825	53610	51740	50470	49480	49190	49280	49760	50440	51710	53270	54840	55140	55530	56420	57020	57530	58330	59210	59900	60690	60490	58920	56660	54490
20190826	52210	50350	49170	48690	48890	49980	52950	58200	65820	70060	71830	72520	70530	73320	74610	74710	75610	75000	73400	72790	70700	67440	64090	61740
20190827	58690	56420	54940	54060	53960	54950	57420	62370	69500	73460	74440	74330	71530	74320	75520	75430	76020	75020	72830	72420	70140	66970	63620	61450
20190828	58690	56420	54940	54050	53960	54950	57420	62370	69500	73460	74440	74330	71540	74320	75520	75530	76030	75120	72830	72420	70140	67080	63620	61450
20190829	57820	55650	54270	53480	53380	54270	56940	62180	69210	73160	73940	73730	70960	73450	74550	74460	74960	74160	72060	71860	69470	66200	62850	60780
20190830	56600	54740	53570	52980	52890	53670	56340	60970	67290	70640	71320	71120	68630	71220	72520	72430	72730	71530	69550	69440	67360	64590	61540	59670
20190831	56820	54560	53180	52300	51900	51990	52770	54050	56800	58960	60640	60930	59630	60830	61230	61230	61020	60510	60510	61190	60700	58730	56670	55500
20190901	51710	50050	48770	47980	47890	47980	48460	49040	49920	51490	53070	53350	53250	54050	54840	55140	55740	56820	57620	58510	58010	56640	54670	52600
20190902	50250	48670	47790	47300	47500	48690	51370	56120	62760	66520	67900	68700	66700	69390	70880	71290	72180	71580	69880	69470	67380	64510	61550	59580
20190903	55930	53870	52690	52010	52010	52900	55570	60110	66440	69700	70180	69790	67100	69680	71270	71290	71780	70580	68790	68670	66590	63630	60670	58890
20190904	56230	53960	52690	52010	52010	53000	55870	60710	67540	70990	71480	71080	68200	70970	72670	72680	73170	71970	70080	69870	67690	64420	61260	59390
20190905	56030	53870	52690	52010	51910	53100	56070	61310	68440	71990	72570	72270	69280	72460	74050	74060	74260	72960	71460	71150	68570	65310	62050	60080
20190906	56230	54160	52890	52300	52310	53390	56460	61700	68830	72480	73060	72760	69870	73450	75260	75170	75370	73870	72270	71850	69370	66210	62850	60780
20190907	58530	54870	52590	51010	50610	51000	52280	53950	58200	61070	63540	63630	61630	63830	64820	65120	65410	65000	65390	66870	65480	62210	58660	56580
20190908	52220	49660	48090	47010	46710	47200	47680	48560	49720	51590	54150	55040	55430	56430	56930	57330	58030	59410	60690	62180	61290	59220	56360	53690
20190909	49660	47790	46710	46320	46620	48100	51570	57620	65850	70400	72080	72570	69880	73170	74970	74970	75560	74150	72450	72040	69360	66190	62840	60680
20190910	57020	54960	53580	52700	52800	53790	56560	61900	68930	72780	74440	75040	72240	75840	77350	77260	77160	75360	73560	73040	70470	67520	64060	62090
20190911	57150	55270	54080	53390	53290	54280	56760	60630	65500	67370	67850	67760	65060	67760	68960	68270	68070	66860	65860	65650	63550	61370	59090	57810
20190912	53280	50820	49140	47960	47260	47040	47230	47400	47270	47650	48230	48320	48320	49120	49810	50110	50300	50790	51670	52460	51470	50500	49230	47670
20190913	45100	43240	42170	41680	41680	42270	43340	44000	42700	41210	40420	39820	40020	40720	41910	43010	44200	46080	47850	49220	48930	48540	48260	47180
20190914	44020	42360	41270	40680	40680	41470	42150	43230	44410	45000	45990	46590	46890	47390	47690	48290	48770	50050	51520	52700	52110	50930	49850	48770
20190915	45650	43790	42610	41920	41930	42520	43400	44580	46250	47520	48480	48670	48370	49760	50560	51170	52070	53150	54640	55630	54740	53570	52300	50620
20190916	48440	46580	45700	45320	45620	47000	49960	54400	60030	63090	63970	63870	61090	64970	66670	67170	68160	67960	67750	67230	64850	62490	60020	59060
20190917	55730	54260	53280	52700	52800	53490	55460	59310	64240	66990	68160	68560	66660	69250	70260	70170	70170	68870	67570	67160	65390	63230	60770	59400
20190918	56030	54460	53380	52700	52800	53590	55760	59910	65330	68380	69650	70050	67950	70740	71950	71760	71770	70360	68960	68550	66580	64220	61560	59990
20190919	53740	52270	51400	50710	50810	51700	53670	57130	61460	63620	64590	64690	62700	65490	66590	67000	67590	66690	65790	65270	63300	61140	58780	57510
20190920	53560	51990	51110	50520	50620	51610	53690	57150	61490	63360	64150	63940	61650	64540	65840	66330	67230	66530	65520	65020	62740	60470	58110	56930
20190921	55480	54000	53020	52440	52240	52430	53020	54190	56260	57730	58810	59200	58410	58900	58800	58390	57990	57490	57780	58070	57380	56100	54720	54140
20190922	50160	49090	48310	47920	47820	48010	48400	48780	49660	50630	51800	52300	52490	52980	53290	53490	53790	54270	54970	55460	55070	53990	52620	51340
20190923	50080	48700	47910	47520	47720	48910	51280	55650	61590	64660	65640	66030	64130	66430	67330	67240	67540	66530	65430	65030	63140	60870	58500	57220
20190924	53170	51500	50520	49930	50130	51120	53190	56550	60600	61770	62260	62160	59870	62760	63960	64350	65140	64340	63630	63230	61150	58980	56810	55940
20190925	52970	51400	50420	49930	50130	51110	53090	56150	59990	61170	61660	61550	59360	62050	63250	63640	64340	63530	62930	62520	60540	58470	56410	55630
20190926	53370	51300	50120	49630	49830	51220	53590	57150	61300	62270	62360	61950	59060	62550	64350	65140	66440	65940	65630	65120	62640	60370	58010	57030
20190927	53690	51520	50240	49650	49950	51330	54010	57870	62330	63410	63410	63310	60320	64100	66190	66990	68480	67470	67060	66450	64070	61590	59020	57940
20190928	54870	52500	51120	50340	50140	50530	51510	53390	56740	58410	59490	59690	58190	59390	59590	58890	58290	57480	57870	58160	57070	55590	53820	53240
20190929	49870	47900	46820	46130	46130	46620	47110	47990	49360	50730	52010	52300	52310	52900	52910	52910	53310	54090	55080	55670	54780	53600	52030	50560
20190930	48300	46630	45640	45350	45850	47440	50610	55560	61610	63880	64470	64760	62170	65370	66770	67070	67960	67350	66740	66030	63760	61380	58910	57740
20191001	53880	51910	50830	50240	50540	51820	54100	57850	61900	63480	64060	63960	61160	64940	67040	67540	68540	67430	66830	66020	63740	61170	58800	57730
20191002	54070	52010	50830	50240	50540	51920	54390	58340	62690	64360	64940	64830	61840	65820	68220	68720	69710	68610	67900	67090	64610	61950	59380	58210
20191003	60170	58800	58230	57840	57930	58720	59490	60460	62330	63120	63410	63120	61530	63120	63710	63800	64090	63970	64730	64720	63930	63370	62700	61620
20191004	47770	46000	45120	44840	45140	46820	49890	54750	60690	62750	63530	63930	61530	65120	66910	67620	68710	68100	67390	66480	63810	61250	58680	57320
20191005	54040	51880	50610	49920	49930	50410	51390	52670	54830	55810	56690	57080	55970	57160	57460	57360	57350	57040	57810	57900	57020	55350	53490	52920
20191006	47960	46890	46220	45830	45830	46120	46400	46670	47030	47300	47880	47970	47970	48470	48670	49060	49660	50250	51130	51320	50840	50060	49190	48220
20191007	49170	47300	46420	46140	46540	48120	51290	56250	62490	64550	65440	65830	63340	67020	68920	69520	70720	70110	69400	68390	65620	62950	60390	59020
20191008	54080	52300	51120	50530	50840	52020	54500	59060	64710	67470	68050	67940	65040	68240	69440	69050	69450	68150	67140	65850	63570	61100	58830	57750
20191009	52880	51110	50220	49630	49840	50730	51700	52760	54110	54580	54860	54450	52260	54150	54950	55960	57560	58360	59660	59760	58880	57810	56530	55060
20191010	48380	46900	46120	45930	46340	48020	50800	55360	61010	62970	63450	63540	60950	63940	65150	65350	66060	65450	65050	64050	61980	60100	58130	57350
20191011	52380	50810	49920	49540	49850	50830	52900	56460	60410	61480	61560	60960	58270	60760	61760	61760	62760	62350	62350	61350	59470	57700	56130	55560
20191012	54480	51910	50420	49740	49640	50230	51310	52890	55650	56640	57420	57120	55130	56330	56520	56320	56520	56300	57580	57580	56500	54920	53240	52650
20191013	49190	47210	46130	45440	45440	46030	46620	46700	46680	46670	47160	47060	47160	48050	48850	49750	51140	52520	54490	54790	54190	53010	51640	49860
20191014	46390	44820	44140	43950	44350	45930	48710	53070	58520	60380	60870	60960	58480	61360	62570	62670	63370	62870	62460	61460	59470	57600	55730	54950
20191015	53000	51120	50140	49750	50050	51240	53510	56680	60260	60440	60040	59250	56460	59150	60440	61030	62720	62500	62580	61480	59690	57920	56340	55760
20191016	53100	51120	50140	49750	50050	51240	53510	56780	60450	60640	60240	59350	56560	59340	60640	61230	62910	62700	62880	61680	59890	58110	56440	55860
20191017	52890	51020	50040	49750	50050	51430	53900	56870	60140	60220	59620	58720	55630	58420	59810	60500	62290	62570	63160	61960	60170	58390	56720	56150
20191018	52990	51120	50040	49550	49950	51430	53700	56660	60230	59720	58720	57530	54750	57530	59120	60010	62190	62570	62950	61250	59670	58090	56620	55940
20191019	52290	50320	49240	48660	48650	49240	50020	50500	51170	50950	51050	50650	49270	50460	50950	51550	52330	52710	53880	53870	53290	52310	51430	51150
20191020	47390	46120	45340	44950	44950	45540	45930	45710	45190	44890	45180	44980	44880	45480	46070	46960	48140	49420	50780	50880	50690	50010	49340	48260
20191021	46810	45230	44450	44260	44760	46540	49320	53370	58130	59520	59500	59410	56620	59300	60780	61390	62580	62570	62950	61850	59970	58300	56620	55950
20191022	51880	50010	49030	48640	49040	50520	52900	56150	60310	60400	59790	59000	56610	59200	60300	60600	61780	61970	62350	60760	59070	57490	56120	55740
20191023	52390	50410	49430	49040	49440	50920	53400	56860	61120	61300	60600	59810	57320	60010	61210	61500	62690	62880	63260	61570	59880	58300	56820	56340
20191024	52490	50720	49740	49350	49750	51330	53800	57060	60630	60520	59810	59010	56430	59310	60810	61400	62890	63380	63660	62160	60380	58600	57120	56540
20191025	52790	50920	50040	49540	49940	51520	54090	57460	61320	61900	61100	60310	57520	60500	62000	62290	63480	63670	63650	62160	60470	58790	57120	56540
20191026	54500	52530	51450	51060	51050	51840	52620	53000	53070	52460	52370	51670	50280	51480	52070	52760	53850	54430	55800	55610	55120	54330	53550	53470
20191027	49390	48020	47240	46850	46850	47440	47920	47810	47500	47200	47090	46290	46080	46870	47370	48270	49660	51130	52700	52700	52510	51820	51250	50270
20191028	47500	45830	44950	44750	45350	47340	50400	54670	59140	60030	59530	58830	55750	59020	60710	61810	63890	64180	64550	63260	61370	59600	58030	57350
20191029	52580	50710	49830	49440	49740	51220	53790	56760	60230	60520	59620	58730	56130	59220	60630	61320	62800	62980	62960	61470	59680	58100	56620	56150
20191030	52580	50710	49830	49440	49740	51220	53790	56750	60220	60510	59710	58720	56130	59220	60620	61310	62790	63070	62950	61460	59770	58090	56620	56150
20191031	52980	51010	50130	49750	50140	51620	54190	57250	60630	60420	59420	58430	55640	58530	59930	60720	62700	63280	63350	61860	60170	58500	57120	56640
20191101	53090	51120	50340	49950	50340	51830	54500	57460	60340	59640	58840	57550	54570	57350	58850	59930	62010	62590	62760	61470	59880	58400	57230	56940
20191102	52280	50400	49420	48930	48930	49810	50800	51080	51350	50650	50150	49060	47370	48670	49660	50550	51530	52210	53480	53290	52900	52210	51730	51640
20191103	48500	46520	45440	44950	45150	46040	46820	46510	45500	44410	44310	43520	43220	44010	44900	46290	48280	50640	52710	52710	52420	51730	51150	49970
20191104	48190	46520	45630	45540	46240	48120	51190	55060	59130	59430	58630	57640	54660	57540	59630	60820	62900	63480	63660	62360	60780	59100	57820	57440
20191105	54090	52120	51050	50550	51040	52530	55100	58460	61440	60540	59440	57850	54670	57650	59550	60830	62810	62580	62460	61260	59980	58500	57220	57340
20191106	54480	52410	51340	50840	51330	52920	55590	58950	62030	61130	60040	58350	55070	58150	60140	61430	63500	63280	63150	61960	60570	58990	57720	57830
20191107	54470	52410	51320	50830	51330	52910	55680	59150	62320	61620	60230	58540	55160	58540	60530	61930	63910	63780	63650	62460	61270	59790	58310	58530
20191108	54860	52790	51610	51320	51820	53500	56370	59830	63210	62310	60620	58730	55450	59130	61420	62710	64890	64460	63530	62240	61350	59870	58400	58620
20191109	53560	51290	50010	49420	49720	50700	51880	52160	52240	51540	51530	50740	49350	50740	51130	51620	52510	53380	54550	54260	53770	53080	52600	52820
20191110	48970	47500	46820	46430	46730	47310	47900	47790	47470	46960	46660	45970	45670	46170	46670	47780	49250	50710	51870	51870	51690	51210	50830	50150
20191111	47890	46020	45030	44940	45640	47720	51090	55560	60030	60020	59420	58120	55050	58430	60420	61720	63400	63870	63750	62260	60770	59100	57620	57740
20191112	54270	52100	51020	50730	51230	52810	55580	59040	62330	61630	60440	58650	55260	58350	60140	61320	63500	63270	62540	61440	60560	59190	57810	58420
20191113	54790	52520	51440	51050	51550	53230	56200	59860	63340	62640	61350	59460	55880	59160	61050	62340	64710	64380	63640	62450	61470	60000	58620	59230
20191114	56950	54690	53510	53220	53810	55590	58660	62330	65810	65120	64330	62540	58950	61930	63840	64720	66800	66750	66130	65230	64140	62470	61090	61720
20191115	55930	53760	52680	52290	52890	54570	57440	60900	65400	65900	65180	63990	60900	63880	64980	65380	66560	65510	64400	63100	62020	60540	59360	60290
20191116	56960	55390	54410	54120	54320	54990	55770	55950	55740	54550	54250	53470	51990	52880	53380	54160	55240	56100	56760	56560	56370	55990	55800	56120
20191117	51190	49510	48530	48240	48440	49130	49710	49700	49390	48990	49090	48700	48490	48800	48700	49490	50670	52530	53600	53500	53410	52930	52650	52060
20191118	51600	49420	48340	48240	49140	51120	54800	59670	65250	66040	65340	64040	60670	63660	65360	66250	68030	68200	67370	66080	64590	62920	61440	62150
20191119	58840	56470	55290	54800	55300	56980	59750	63420	68000	68110	67320	65830	62260	65440	66630	67220	69000	68050	66620	65130	64050	62360	61280	62190
20191120	59030	56460	55090	54600	55090	56970	60040	64010	68990	69200	68310	66720	62750	66230	67520	68210	70180	69030	67610	65910	64630	62850	61670	62680
20191121	58330	56060	54680	54290	54790	56470	59530	63900	69280	69480	68190	66890	63320	66510	68000	68790	70460	70000	68570	66990	65410	63440	62360	63370
20191122	57250	54880	53710	53210	53710	55400	58360	62430	67320	67020	65830	64440	60570	63360	64750	65740	67500	67150	65820	64430	63150	61370	60390	61400
20191123	59260	56590	55210	54620	54820	55900	56880	57460	58070	57170	56970	55490	52900	53590	53980	54870	56260	57410	58190	57890	57500	56910	56930	57740
20191124	53270	51700	50720	50330	50620	51210	51600	51590	51780	52080	52670	52680	52480	52690	52780	53070	53660	54720	55290	55200	54810	54420	54340	53950
20191125	50080	47900	46720	46530	47220	49210	52680	57550	64310	66300	65700	64300	61120	64400	65510	66200	67680	67460	66240	64450	62870	61090	59910	60820
20191126	60030	57360	56080	55690	56190	57870	60840	64910	69700	69010	67220	65130	61050	63830	65330	66320	68100	67650	66430	65030	63750	62170	61290	62000
20191127	59720	56850	55480	54990	55680	57460	60740	65200	70390	69500	67410	65030	60450	63430	64920	66210	68090	67550	66320	64930	63540	61960	60980	61690
20191128	59800	57130	55860	55570	55970	57650	60520	64880	70170	70080	68090	65710	61430	64410	65900	66790	68670	68420	67300	65810	64220	62540	61460	61970
20191129	58100	55540	54360	53970	54570	56350	59420	63880	69770	70380	68990	67210	63030	66110	67300	67990	69770	69330	67800	66210	64520	62740	61760	62170
20191130	60100	57530	56050	55560	55860	56940	58120	58710	59200	57610	57120	56030	53650	54540	55030	56020	57490	58650	59130	58840	58450	57860	57970	58490
20191201	54630	52060	50470	49880	50380	51370	52050	52150	51940	51440	51730	50940	50640	51440	52140	53230	54710	56680	57360	57260	56870	56280	56400	55810
20191202	51930	49850	48970	48770	49670	51760	55430	60800	68170	70560	70360	69060	65770	68960	69770	69960	71040	70420	68910	67020	65330	63450	62360	62970
20191203	58980	56520	55240	54850	55350	57130	60290	64750	70730	71040	69150	66970	62690	65470	66670	67760	70020	69770	68250	66760	65270	63390	62510	63120
20191204	59390	56530	55050	54560	55150	57130	60800	65860	72540	72650	70160	67570	62700	65680	67170	68460	71230	71080	69260	67660	66180	64000	62920	63730
20191205	61670	59110	57740	57340	57940	59620	62990	67950	74220	74820	73120	71330	67070	70260	72050	72640	74510	73760	71640	69850	67970	65690	64610	65620
20191206	62310	59750	58370	57880	58380	60060	63320	68350	74950	75270	73170	70970	66600	69690	71480	72470	74540	73980	71960	70270	68500	66420	65340	66450
20191207	64380	61130	59160	58480	58880	59860	61520	62610	63720	62150	61660	60580	56910	57390	58270	59860	61520	62960	63130	62430	61650	60760	60880	62200
20191208	57060	54590	53020	52430	52730	53620	54190	54180	54650	54930	56020	55830	55840	56530	56930	57420	58310	59880	60560	60170	59570	58990	59030	58730
20191209	54980	52910	51930	51830	52530	54510	58280	63740	70890	73080	72580	70990	67310	70800	72090	72880	74660	74320	72510	70830	68550	66570	65490	66400
20191210	61280	58810	57530	57040	57540	59120	62290	67150	73700	74300	72310	70330	65750	68540	69930	71420	73980	73740	71430	69350	67570	65300	64210	65620
20191211	61800	59130	57750	57250	57750	59530	62900	68060	75120	75710	73620	71440	66560	69650	71050	72630	75400	75160	72650	70460	68480	66110	64920	66430
20191212	63260	60690	59210	58730	59220	60810	63970	69030	76300	77410	75620	73240	67960	70750	71860	72940	75100	74860	72540	70650	68760	66590	65500	66910
20191213	62550	59980	58500	58020	58510	59890	62960	67810	74590	75910	74230	72250	67670	70760	71760	72130	73790	73340	71420	69630	68040	66160	65080	66590
20191214	63640	60680	58900	58020	57920	58700	59880	60860	62260	61280	61380	60390	57430	58130	58920	59600	60760	61600	61470	60780	60000	59220	59430	61140
20191215	57760	55690	54510	53930	54030	54510	54990	55080	54880	53790	53790	53100	52410	52710	53310	54500	56160	58410	59180	59090	58690	58310	58630	58540
20191216	56290	54120	53030	52740	53540	55320	59190	65250	73920	76130	75140	72750	68280	71670	72960	73350	74830	74280	71950	69960	67680	65400	64220	65430
20191217	61410	59040	57760	57370	57870	59340	62210	66880	73160	73580	71500	69420	65340	68140	69330	70020	71590	71140	69210	67610	65930	64040	63060	64470
20191218	62770	60200	58920	58430	58930	60500	63570	68630	75210	75740	73550	71270	67000	69900	71190	71880	73650	73090	71060	69360	67470	65490	64510	66020
20191219	61470	59010	57730	57250	57840	59320	62290	67050	74010	75510	74210	72530	68360	71140	72040	72030	73110	72260	70340	68540	66750	64880	63790	65210
20191220	61370	58810	57530	57140	57830	59410	62580	67430	74390	75890	74400	72310	67850	70630	71630	72120	73490	72840	70910	69120	68140	65660	64490	65800
20191221	63730	60960	59190	58510	58510	59290	60460	61650	63140	61850	61250	59770	56810	57310	58310	59590	61240	62370	62430	62040	61450	60470	60580	62290
20191222	58640	56390	55020	54430	54530	55210	55890	56080	55590	54030	53720	52630	51950	52450	53340	54420	56180	58510	59480	59390	59200	58730	59050	58980
20191223	54880	52710	51630	51340	52040	53920	57580	63520	72190	73910	72330	69750	64970	68050	69840	70330	71600	71250	69320	67530	65460	63680	62410	63510
20191224	60840	58480	57100	56610	57000	58680	61750	66410	73370	74180	71800	69520	65240	68420	69800	70790	72560	71710	69810	67820	66240	64470	63380	64880
20191225	61620	59160	57500	56810	57010	57790	58470	58950	60150	60390	60700	59930	57940	58620	58800	59170	60350	62100	62670	62180	61790	61310	61620	61930
20191226	58580	56800	55620	55430	56030	57610	60780	66150	74230	76140	74740	73150	69180	72170	73260	72960	74330	73790	72070	70270	68290	66810	65830	66940
20191227	62430	59960	58390	57800	58300	59980	63050	68100	76050	77160	74790	71900	66940	69840	71120	72010	73880	73020	70790	68810	67030	65450	64560	66570
20191228	62410	60340	59070	58680	58580	59070	60140	61020	62600	62490	62480	61900	60120	60740	61040	61140	61500	61940	61930	61430	60840	60160	60280	61590
20191229	60050	57080	55200	54310	54510	55200	55880	55970	56150	55540	55730	54440	52750	52880	53080	54280	56660	59600	60970	60870	60380	59790	60000	60110
20191230	53200	51040	49660	49270	50070	52150	56010	62660	72730	75040	73250	71260	66400	70190	71580	71070	72840	72180	69950	67760	65380	63410	62230	63650
20191231	62670	59220	57060	56280	56770	58050	60120	63090	69440	71870	72070	70380	64810	66190	65780	63990	62970	63010	62570	60980	59800	59220	60410	63000
